title,subreddit,score,url,comments,engagement
"you shouldn't have been bitin' my horsey, boy.",interestingasfuck,96684,https://v.redd.it/k3eg8qmau0vg1,2726,0.028194944354805344
Most Metaphorical Image of the Century,pics,96008,https://i.redd.it/lvksj7yud0vg1.jpeg,3239,0.033736771935672025
What do they get paid?,nasa,69918,https://i.redd.it/hytf0wihl1vg1.jpeg,1598,0.022855344832518092
Me_irl,me_irl,48113,https://i.redd.it/9ylcjaxsz3vg1.png,2260,0.04697275164716397
This house with 7 stories,mildlyinteresting,44382,https://i.redd.it/sc0knord71vg1.jpeg,1439,0.032423054391419945
These Robots Are Drunk!,mildlyinfuriating,38149,https://v.redd.it/luo1l9fx91vg1,1815,0.04757660751264778
I have intense stretch marks from pregnancy 7 years ago,mildyinteresting,37048,https://i.redd.it/k0oqd1kgv0vg1.jpeg,4112,0.1109911466206003
"Fluoride in drinking water has no effect on IQ or brain function, long-term study shows",science,30332,https://www.nbcnews.com/health/kids-health/fluoride-water-children-iq-brain-cognition-study-rfk-jr-rcna267328,1590,0.05241988658842147
New poll pegs Mark Kelly as a leading 2028 presidential contender,politics,26684,https://www.phoenixnewtimes.com/news/arizona-kelly-top-presidential-contender-poll-40659493/,4320,0.16189476840053965
me_irl,me_irl,24294,https://i.redd.it/379tdcij05vg1.jpeg,332,0.013665925742981807
This is amazing,MadeMeSmile,21653,https://i.redd.it/clrdsj90f5vg1.jpeg,71,0.0032789913637833097
Meirl,meirl,21006,https://i.redd.it/2hp2yz6jq4vg1.jpeg,370,0.017614015043320955
Cost of living or,SipsTea,20015,https://i.redd.it/virbabc2t0vg1.jpeg,4916,0.24561578815888083
"She Was Still Sick, Helpless, and Alone in Her Hospital Gown When Staff Dumped Her on the Sidewalk Because She Couldn’t Pay — Does anyone know which hospital this was?",TikTokCringe,19797,https://v.redd.it/lepnpb50u1vg1,2308,0.11658332070515735
"Tennessee’s Charlie Kirk Act bans student walkouts, protects conservative speakers",nottheonion,16787,https://wpln.org/post/tennessees-charlie-kirk-act-bans-student-walkouts-protects-conservative-speakers/,1447,0.08619765294573181
Indian guy in Texas stops a black man walking on the sidewalk and demands to see his ID,whoathatsinteresting,14150,https://v.redd.it/0h3yl9t451vg1,3719,0.26282685512367493
"President Trump rejected calls from U.S. Catholic bishops to apologize for criticizing Pope Leo XIV being against Iran war: ""No, I don't because Pope Leo said things that are wrong. He was against what I'm doing with regard to Iran. He's weak on crime. There's nothing to apologize for. He's wrong.""",videos,13272,https://www.youtube.com/watch?v=37omO9KE9K0,1463,0.11023206751054852
Isn’t it ironic,SipsTea,11601,https://i.redd.it/eelouwnht5vg1.jpeg,1031,0.08887164899577622
Why are parents who barely passed high school thinking they can teach/homeschool their children?,NoStupidQuestions,11198,https://www.reddit.com/r/NoStupidQuestions/comments/1skttrz/why_are_parents_who_barely_passed_high_school/,1854,0.16556527951419897
A legend watching his own legacy one last time.,lotrmemes,8997,https://i.redd.it/su4gknp9f5vg1.png,120,0.013337779259753251
Amazon worker dies on warehouse floor; colleagues continue working around his body – ‘Let’s get back to work’,nottheonion,8328,https://www.livemint.com/companies/amazon-worker-died-on-warehouse-floor-as-his-colleagues-kept-working-for-over-an-hour-11776137787662.html,473,0.05679634966378482
AITA for not quieting down at a Renaissance fair and walking away after my boyfriend sided with a stranger?,AmItheAsshole,7087,https://www.reddit.com/r/AmItheAsshole/comments/1skpft6/aita_for_not_quieting_down_at_a_renaissance_fair/,1709,0.24114575984196415
Everyone tells me I messed up (planted 56 cypresses),landscaping,6703,https://www.reddit.com/gallery/1skv34u,1637,0.24421900641503805
"A tattoo artist rejected me for this, was his reason fair?",tattooadvice,5344,https://www.reddit.com/gallery/1skuxx0,1573,0.2943488023952096
AITAH for yelling at a mother of 3 on a flight,AITAH,2732,https://www.reddit.com/r/AITAH/comments/1skw5ya/aitah_for_yelling_at_a_mother_of_3_on_a_flight/,1479,0.5413616398243045
